phase,revision,commit,engine,lucene,dataset,documents,sourceBytes,sourceSha256,benchmark,mode,microsecondsPerDocument,confidence99_9Low,confidence99_9High,bytesPerDocument,fork1MeanMicroseconds,fork2MeanMicroseconds,fork3MeanMicroseconds
final-native-os3,version_preservation,5facc5bcb3787edc858576650504bbc345f475d6,OpenSearch 3.7.0,10.4.0,large-varied,8192,16384,363eaaccf0a481a7d83b70fdb4709773fdbfc9e2dc078fcb459e290e075217f0,nativeBatch,native,39.58132139891516,39.21938866243301,39.943254135397304,159020.23225380693,39.2871993203125,39.859686208304346,39.59707866812861
final-native-os3,mainline,05474e3b4db727487bf2eacb7531d4a135a68643,OpenSearch 3.7.0,10.4.0,large-varied,8192,16384,363eaaccf0a481a7d83b70fdb4709773fdbfc9e2dc078fcb459e290e075217f0,nativeBatch,native,38.99253321025455,38.546607462343516,39.43845895816558,157759.92673906626,38.5021228580692,39.00084138443688,39.474635388257575
final-native-os3,header_optimization,d8f17af7f67000093bbfd0b23a1b309f426dae72,OpenSearch 3.7.0,10.4.0,large-varied,8192,16384,363eaaccf0a481a7d83b70fdb4709773fdbfc9e2dc078fcb459e290e075217f0,nativeBatch,native,38.997369830573454,38.68343099374003,39.31130866740688,157794.32496492993,39.318865015625,39.02620855391398,38.647035922181374
final-native-os3,version_preservation,5facc5bcb3787edc858576650504bbc345f475d6,OpenSearch 3.7.0,10.4.0,small-uniform,8192,1024,7db83e5e6bb952c0e033767dc5eb4f718b867ec465edc47d74eb7f35acd10f37,nativeBatch,native,9.587440719471765,9.543849110152893,9.631032328790637,33441.78061619739,9.618033538187392,9.569990492493872,9.574298127734028
final-native-os3,mainline,05474e3b4db727487bf2eacb7531d4a135a68643,OpenSearch 3.7.0,10.4.0,small-uniform,8192,1024,7db83e5e6bb952c0e033767dc5eb4f718b867ec465edc47d74eb7f35acd10f37,nativeBatch,native,8.89191729958909,8.81350810169759,8.970326497480592,32679.952899480064,8.888308955939175,8.881051878154707,8.90639106467339
final-native-os3,header_optimization,d8f17af7f67000093bbfd0b23a1b309f426dae72,OpenSearch 3.7.0,10.4.0,small-uniform,8192,1024,7db83e5e6bb952c0e033767dc5eb4f718b867ec465edc47d74eb7f35acd10f37,nativeBatch,native,9.044746929174071,8.983267187114237,9.106226671233905,32238.442778453402,9.06091191917901,9.044658870162785,9.028669998180423
final-native-os3,version_preservation,5facc5bcb3787edc858576650504bbc345f475d6,OpenSearch 3.7.0,10.4.0,small-varied,8192,1024,a36be5044b51acfda2855dd18c407e618be905445ce2878f21eff5da5cd8d719,nativeBatch,native,9.73504210775543,9.684856128940085,9.785228086570774,33961.59943301984,9.7284670712608,9.698451898647866,9.77820735335762
final-native-os3,mainline,05474e3b4db727487bf2eacb7531d4a135a68643,OpenSearch 3.7.0,10.4.0,small-varied,8192,1024,a36be5044b51acfda2855dd18c407e618be905445ce2878f21eff5da5cd8d719,nativeBatch,native,9.13362682052102,9.043261660945506,9.223991980096534,32679.931632081963,9.203714831794036,9.079887138671088,9.117278491097931
final-native-os3,header_optimization,d8f17af7f67000093bbfd0b23a1b309f426dae72,OpenSearch 3.7.0,10.4.0,small-varied,8192,1024,a36be5044b51acfda2855dd18c407e618be905445ce2878f21eff5da5cd8d719,nativeBatch,native,9.154052218099547,9.113803946979674,9.19430048921942,32722.860298123578,9.147729603034039,9.161335430338111,9.153091620926494
final-native-transforms,native_transformations,17c2a5156e166f5465f461000cd7d7233f146672,OpenSearch 3.7.0,10.4.0,large-varied,8192,16384,363eaaccf0a481a7d83b70fdb4709773fdbfc9e2dc078fcb459e290e075217f0,pipeline,external_gte,98.22888702392578,90.79549065743846,105.6622833904131,249580.13525390625,94.30128614501953,92.94029434814453,107.44508057861329
final-native-transforms,native_transformations,17c2a5156e166f5465f461000cd7d7233f146672,OpenSearch 3.7.0,10.4.0,large-varied,8192,16384,363eaaccf0a481a7d83b70fdb4709773fdbfc9e2dc078fcb459e290e075217f0,pipeline,java_gte,84.42613290201822,82.44212610463302,86.41013969940343,241346.03880208332,86.13185952148437,83.4484181640625,83.69812102050781
final-native-transforms,header_optimization,d8f17af7f67000093bbfd0b23a1b309f426dae72,OpenSearch 3.7.0,10.4.0,large-varied,8192,16384,363eaaccf0a481a7d83b70fdb4709773fdbfc9e2dc078fcb459e290e075217f0,pipeline,native,24.974730673828127,24.58169889118313,25.367762456473123,158694.55133897567,24.769061396484375,25.022957866210938,25.132172758789064
final-native-transforms,mainline,05474e3b4db727487bf2eacb7531d4a135a68643,OpenSearch 3.7.0,10.4.0,large-varied,8192,16384,363eaaccf0a481a7d83b70fdb4709773fdbfc9e2dc078fcb459e290e075217f0,pipeline,native,25.043547973632815,24.659873231221017,25.427222716044614,158719.07733072917,25.134320795898436,25.137549833984377,24.858773291015623
final-native-transforms,native_transformations,17c2a5156e166f5465f461000cd7d7233f146672,OpenSearch 3.7.0,10.4.0,large-varied,8192,16384,363eaaccf0a481a7d83b70fdb4709773fdbfc9e2dc078fcb459e290e075217f0,pipeline,native,21.84437542046441,21.58904237164903,22.09970846927979,109517.47628038195,21.876362280273437,21.807050720214843,21.84971326090495
final-native-transforms,native_transformations,17c2a5156e166f5465f461000cd7d7233f146672,OpenSearch 3.7.0,10.4.0,large-varied,8192,16384,363eaaccf0a481a7d83b70fdb4709773fdbfc9e2dc078fcb459e290e075217f0,pipeline,native_gte,21.642953309461802,21.35498458187627,21.930922037047335,109572.25084635419,21.86892859700521,21.529843595377603,21.530087736002603
final-native-transforms,native_transformations,17c2a5156e166f5465f461000cd7d7233f146672,OpenSearch 3.7.0,10.4.0,small-varied,8192,1024,a36be5044b51acfda2855dd18c407e618be905445ce2878f21eff5da5cd8d719,pipeline,external_gte,21.038416927083333,20.57133290912055,21.505500945046116,52276.5550672743,21.305956172688802,21.071770109049478,20.737524499511718
final-native-transforms,native_transformations,17c2a5156e166f5465f461000cd7d7233f146672,OpenSearch 3.7.0,10.4.0,small-varied,8192,1024,a36be5044b51acfda2855dd18c407e618be905445ce2878f21eff5da5cd8d719,pipeline,java_gte,13.591732511483652,13.413647197851382,13.769817825115922,44003.473621961806,13.459069479980469,13.700144392089843,13.615983662380643
final-native-transforms,header_optimization,d8f17af7f67000093bbfd0b23a1b309f426dae72,OpenSearch 3.7.0,10.4.0,small-varied,8192,1024,a36be5044b51acfda2855dd18c407e618be905445ce2878f21eff5da5cd8d719,pipeline,native,6.92437028791937,6.791840380579871,7.056900195258868,33588.597626363,6.882745408799913,6.956282662803249,6.934082792154948
final-native-transforms,mainline,05474e3b4db727487bf2eacb7531d4a135a68643,OpenSearch 3.7.0,10.4.0,small-varied,8192,1024,a36be5044b51acfda2855dd18c407e618be905445ce2878f21eff5da5cd8d719,pipeline,native,7.311633711934143,7.096304868675316,7.526962555192971,33530.8388913888,7.1775201326656966,7.280142756523182,7.477238246613546
final-native-transforms,native_transformations,17c2a5156e166f5465f461000cd7d7233f146672,OpenSearch 3.7.0,10.4.0,small-varied,8192,1024,a36be5044b51acfda2855dd18c407e618be905445ce2878f21eff5da5cd8d719,pipeline,native,6.766872852605299,6.557438891633465,6.976306813577132,30355.380127574605,6.7793829285738765,6.783922270680819,6.737313358561198
final-native-transforms,native_transformations,17c2a5156e166f5465f461000cd7d7233f146672,OpenSearch 3.7.0,10.4.0,small-varied,8192,1024,a36be5044b51acfda2855dd18c407e618be905445ce2878f21eff5da5cd8d719,pipeline,native_gte,6.882834916011818,6.736591425503794,7.029078406519843,30465.19923435977,6.9052250702439695,6.839444423599689,6.903835254191795
final-os2,mainline,05474e3b4db727487bf2eacb7531d4a135a68643,OpenSearch 2.19.4,9.12.3,small-varied,8192,1024,a36be5044b51acfda2855dd18c407e618be905445ce2878f21eff5da5cd8d719,nativeBatch,native,8.926849089368112,8.889341538924606,8.964356639811617,32746.82761817572,8.906893602190848,8.921671326753316,8.951982339160171
final-os2,header_optimization,d8f17af7f67000093bbfd0b23a1b309f426dae72,OpenSearch 2.19.4,9.12.3,small-varied,8192,1024,a36be5044b51acfda2855dd18c407e618be905445ce2878f21eff5da5cd8d719,nativeBatch,native,9.046916435563231,8.95801557513329,9.135817295993172,32754.524359493364,8.993903898257008,9.04094219221553,9.105903216217158
final-os2,mainline,05474e3b4db727487bf2eacb7531d4a135a68643,OpenSearch 2.19.4,9.12.3,small-varied,8192,1024,a36be5044b51acfda2855dd18c407e618be905445ce2878f21eff5da5cd8d719,readDocument,native,7.2817727695703,7.206302369255767,7.357243169884833,24936.996866282865,7.36625261795222,7.233317291236035,7.245748399522644
final-os2,header_optimization,d8f17af7f67000093bbfd0b23a1b309f426dae72,OpenSearch 2.19.4,9.12.3,small-varied,8192,1024,a36be5044b51acfda2855dd18c407e618be905445ce2878f21eff5da5cd8d719,readDocument,native,7.464807286756005,7.422645215449995,7.506969358062015,25367.876888184244,7.424335383999127,7.471310245158774,7.498776231110117
final-pipeline,header_optimization,d8f17af7f67000093bbfd0b23a1b309f426dae72,OpenSearch 3.7.0,10.4.0,large-varied,8192,16384,363eaaccf0a481a7d83b70fdb4709773fdbfc9e2dc078fcb459e290e075217f0,pipeline,external_gte,99.1807612955729,92.06076340326648,106.30075918787934,250202.26236979166,94.49683841552734,108.05908466796875,94.98636080322265
final-pipeline,header_optimization,d8f17af7f67000093bbfd0b23a1b309f426dae72,OpenSearch 3.7.0,10.4.0,large-varied,8192,16384,363eaaccf0a481a7d83b70fdb4709773fdbfc9e2dc078fcb459e290e075217f0,pipeline,java_gte,89.06866381835941,81.2928065834714,96.84452105324742,241890.44811197917,98.78106608886719,85.7125006225586,82.71242474365235
final-pipeline,mainline,05474e3b4db727487bf2eacb7531d4a135a68643,OpenSearch 3.7.0,10.4.0,large-varied,8192,16384,363eaaccf0a481a7d83b70fdb4709773fdbfc9e2dc078fcb459e290e075217f0,pipeline,native,25.116001276041665,24.784583290666205,25.447419261417124,158684.8743619792,25.128573598632812,24.947246562500002,25.272183666992188
final-pipeline,header_optimization,d8f17af7f67000093bbfd0b23a1b309f426dae72,OpenSearch 3.7.0,10.4.0,large-varied,8192,16384,363eaaccf0a481a7d83b70fdb4709773fdbfc9e2dc078fcb459e290e075217f0,pipeline,native,24.91352354763455,24.38818334574088,25.43886374952822,158728.50948133683,24.704051616210936,25.194290722656252,24.842228304036457
final-pipeline,header_optimization,d8f17af7f67000093bbfd0b23a1b309f426dae72,OpenSearch 3.7.0,10.4.0,small-varied,8192,1024,a36be5044b51acfda2855dd18c407e618be905445ce2878f21eff5da5cd8d719,pipeline,external_gte,21.25552646755642,20.765963483862503,21.74508945125034,52903.68093532987,20.834152176920572,21.49331571044922,21.43911151529948
final-pipeline,header_optimization,d8f17af7f67000093bbfd0b23a1b309f426dae72,OpenSearch 3.7.0,10.4.0,small-varied,8192,1024,a36be5044b51acfda2855dd18c407e618be905445ce2878f21eff5da5cd8d719,pipeline,java_gte,13.486210938675491,13.22853715476457,13.743884722586412,44653.86468026621,13.658386003960503,13.512957363009983,13.28728944905599
final-pipeline,mainline,05474e3b4db727487bf2eacb7531d4a135a68643,OpenSearch 3.7.0,10.4.0,small-varied,8192,1024,a36be5044b51acfda2855dd18c407e618be905445ce2878f21eff5da5cd8d719,pipeline,native,7.113768220982454,6.904086022446695,7.323450419518213,33564.679477283185,7.157372934857537,6.9259104551438,7.258021272946028
final-pipeline,header_optimization,d8f17af7f67000093bbfd0b23a1b309f426dae72,OpenSearch 3.7.0,10.4.0,small-varied,8192,1024,a36be5044b51acfda2855dd18c407e618be905445ce2878f21eff5da5cd8d719,pipeline,native,6.930931011878207,6.778920279928326,7.082941743828088,33544.223218862426,6.883592488535385,7.006994838420394,6.902205708678842
final-read-os3,mainline,05474e3b4db727487bf2eacb7531d4a135a68643,OpenSearch 3.7.0,10.4.0,small-uniform,8192,1024,7db83e5e6bb952c0e033767dc5eb4f718b867ec465edc47d74eb7f35acd10f37,readDocument,native,7.218032466475095,7.1573411361616595,7.2787237967885305,24832.70148160779,7.257785124379573,7.218976210747067,7.177336064298647
final-read-os3,header_optimization,d8f17af7f67000093bbfd0b23a1b309f426dae72,OpenSearch 3.7.0,10.4.0,small-uniform,8192,1024,7db83e5e6bb952c0e033767dc5eb4f718b867ec465edc47d74eb7f35acd10f37,readDocument,native,7.4487652186067494,7.30007661771467,7.597453819498829,24856.891454094744,7.270090599327999,7.5626306594910435,7.513574397001206
final-read-os3,mainline,05474e3b4db727487bf2eacb7531d4a135a68643,OpenSearch 3.7.0,10.4.0,small-varied,8192,1024,a36be5044b51acfda2855dd18c407e618be905445ce2878f21eff5da5cd8d719,readDocument,native,7.447374864253673,7.379059407342052,7.515690321165294,24881.02582254728,7.403588583022294,7.4971485041405685,7.441387505598162
final-read-os3,header_optimization,d8f17af7f67000093bbfd0b23a1b309f426dae72,OpenSearch 3.7.0,10.4.0,small-varied,8192,1024,a36be5044b51acfda2855dd18c407e618be905445ce2878f21eff5da5cd8d719,readDocument,native,8.12826219553606,7.341779790309352,8.914744600762768,25328.139873402983,9.130536643935498,7.6030750121533845,7.6511749305192955
